Date,Open,High,Low,Close,Year,Month,Previous_Close,Previous_Open,Previous_High,Previous_Low,MA_3,MA_6,Previous_Return
2006-01-01,13.68,17.16,13.58,15.33,2006,Jan,13.71,13.49,14.44,13.0,13.37,13.215000000000002,0.022371364653243964
2006-02-01,15.5,16.97,15.4,16.12,2006,Feb,15.33,13.68,17.16,13.58,14.15,13.693333333333335,0.11816192560175054
2006-03-01,16.2,20.95,16.02,20.08,2006,Mar,16.12,15.5,16.97,15.4,15.053333333333333,14.143333333333336,0.05153294194390101
2006-04-01,20.56,20.8,18.02,19.49,2006,Apr,20.08,16.2,20.95,16.02,17.176666666666666,15.273333333333332,0.24565756823821316
2006-05-01,19.8,21.8,15.8,18.03,2006,May,19.49,20.56,20.8,18.02,18.563333333333333,16.356666666666666,-0.029382470119521886
2006-06-01,18.2,18.4,13.4,15.62,2006,Jun,18.03,19.8,21.8,15.8,19.2,17.12666666666667,-0.07491021036428924
2006-07-01,16.0,17.2,13.82,16.16,2006,Jul,15.62,18.2,18.4,13.4,17.71333333333333,17.444999999999997,-0.1336661120354965
2006-08-01,15.9,18.6,15.7,17.84,2006,Aug,16.16,16.0,17.2,13.82,16.60333333333333,17.583333333333332,0.03457106274007682
2006-09-01,18.0,18.88,16.8,18.46,2006,Sep,17.84,15.9,18.6,15.7,16.54,17.869999999999997,0.10396039603960405
2006-10-01,18.78,24.2,18.5,22.78,2006,Oct,18.46,18.0,18.88,16.8,17.486666666666668,17.599999999999998,0.034753363228699596
2006-11-01,22.8,28.47,21.4,25.32,2006,Nov,22.78,18.78,24.2,18.5,19.69333333333333,18.148333333333333,0.2340195016251354
2006-12-01,25.4,29.66,24.4,26.97,2006,Dec,25.32,22.8,28.47,21.4,22.186666666666667,19.363333333333333,0.11150131694468834
2007-01-01,27.4,34.16,27.0,30.16,2007,Jan,26.97,25.4,29.66,24.4,25.02333333333333,21.255,0.06516587677725116
2007-02-01,30.2,32.6,26.8,28.63,2007,Feb,30.16,27.4,34.16,27.0,27.483333333333334,23.588333333333335,0.11827956989247324
2007-03-01,29.3,31.58,23.31,28.14,2007,Mar,28.63,30.2,32.6,26.8,28.586666666666662,25.386666666666667,-0.05072944297082227
2007-04-01,27.0,31.99,26.2,30.31,2007,Apr,28.14,29.3,31.58,23.31,28.976666666666663,27.0,-0.017114914425427785
2007-05-01,30.66,36.14,29.11,33.51,2007,May,30.31,27.0,31.99,26.2,29.026666666666667,28.255,0.07711442786069655
2007-06-01,33.89,36.38,30.4,35.98,2007,Jun,33.51,30.66,36.14,29.11,30.653333333333332,29.62,0.10557571758495543
2007-07-01,35.98,41.04,35.02,37.93,2007,Jul,35.98,33.89,36.38,30.4,33.26666666666666,31.121666666666666,0.07370934049537459
2007-08-01,37.5,39.0,30.2,36.99,2007,Aug,37.93,35.98,41.04,35.02,35.806666666666665,32.416666666666664,0.054196775986659285
2007-09-01,37.4,41.75,35.3,41.36,2007,Sep,36.99,37.5,39.0,30.2,36.96666666666667,33.81,-0.024782494068020022
2007-10-01,41.8,47.3,33.6,43.48,2007,Oct,41.36,37.4,41.75,35.3,38.76,36.01333333333333,0.11814003784806704
2007-11-01,44.4,50.98,40.02,46.18,2007,Nov,43.48,41.8,47.3,33.6,40.60999999999999,38.208333333333336,0.05125725338491294
2007-12-01,46.4,54.0,45.0,49.81,2007,Dec,46.18,44.4,50.98,40.02,43.673333333333325,40.32,0.06209751609935599
2008-01-01,49.99,55.56,30.24,50.54,2008,Jan,49.81,46.4,54.0,45.0,46.49,42.625,0.07860545690775234
2008-02-01,50.88,53.97,44.4,49.42,2008,Feb,50.54,49.99,55.56,30.24,48.843333333333334,44.72666666666667,0.014655691628187029
2008-03-01,48.9,48.9,24.11,33.75,2008,Mar,49.42,50.88,53.97,44.4,49.923333333333325,46.798333333333325,-0.022160664819944498
2008-04-01,33.9,35.8,28.51,34.06,2008,Apr,33.75,48.9,48.9,24.11,44.56999999999999,45.53,-0.31707810602994746
2008-05-01,34.3,36.88,30.03,31.13,2008,May,34.06,33.9,35.8,28.51,39.07666666666667,43.96,0.009185185185185185
2008-06-01,31.22,32.22,22.62,22.85,2008,Jun,31.13,34.3,36.88,30.03,32.98,41.45166666666667,-0.0860246623605403
2008-07-01,22.85,30.5,20.4,25.45,2008,Jul,22.85,31.22,32.22,22.62,29.346666666666668,36.958333333333336,-0.26598136845486664
2008-08-01,25.0,28.98,24.62,26.83,2008,Aug,25.45,22.85,30.5,20.4,26.476666666666663,32.776666666666664,0.11378555798687073
2008-09-01,26.68,29.8,21.7,24.13,2008,Sep,26.83,25.0,28.98,24.62,25.043333333333333,29.011666666666667,0.05422396856581524
2008-10-01,24.6,25.0,11.01,13.58,2008,Oct,24.13,26.68,29.8,21.7,25.469999999999995,27.40833333333333,-0.10063361908311586
2008-11-01,14.79,17.8,11.25,12.26,2008,Nov,13.58,24.6,25.0,11.01,21.513333333333332,23.995,-0.43721508495648564
2008-12-01,12.4,16.56,11.13,15.03,2008,Dec,12.26,14.79,17.8,11.25,16.656666666666663,20.849999999999998,-0.09720176730486008
2009-01-01,15.28,18.34,11.48,12.24,2009,Jan,15.03,12.4,16.56,11.13,13.62333333333333,19.546666666666663,0.22593800978792822
2009-02-01,12.19,12.5,9.9,10.26,2009,Feb,12.24,15.28,18.34,11.48,13.176666666666664,17.345,-0.18562874251496997
2009-03-01,10.0,11.24,8.16,9.98,2009,Mar,10.26,12.19,12.5,9.9,12.509999999999998,14.583333333333334,-0.16176470588235292
2009-04-01,10.04,17.51,9.94,15.45,2009,Apr,9.98,10.0,11.24,8.16,10.826666666666663,12.225,-0.02729044834307981
2009-05-01,15.94,28.84,14.76,25.12,2009,May,15.45,10.04,17.51,9.94,11.896666666666663,12.536666666666667,0.5480961923847694
2009-06-01,25.6,31.08,23.0,29.68,2009,Jun,25.12,15.94,28.84,14.76,16.849999999999998,14.68,0.6258899676375407
2009-07-01,29.7,33.16,24.83,31.93,2009,Jul,29.68,25.6,31.08,23.0,23.416666666666668,17.121666666666666,0.18152866242038201
2009-08-01,31.98,35.18,29.0,33.45,2009,Aug,31.93,29.7,33.16,24.83,28.909999999999997,20.403333333333332,0.07580862533692723
2009-09-01,33.8,41.3,32.0,40.99,2009,Sep,33.45,31.98,35.18,29.0,31.686666666666667,24.268333333333334,0.047604134043219615
2009-10-01,41.2,52.34,36.8,47.31,2009,Oct,40.99,33.8,41.3,32.0,35.45666666666666,29.436666666666667,0.2254110612855007
2009-11-01,46.58,54.98,42.84,50.57,2009,Nov,47.31,41.2,52.34,36.8,40.583333333333336,34.74666666666666,0.15418394730422058
2009-12-01,50.98,55.67,48.6,53.41,2009,Dec,50.57,46.58,54.98,42.84,46.29,38.98833333333334,0.06890720777848225
2010-01-01,53.6,57.58,46.42,49.84,2010,Jan,53.41,50.98,55.67,48.6,50.43,42.943333333333335,0.056159778524816906
2010-02-01,49.0,51.48,44.6,47.32,2010,Feb,49.84,53.6,57.58,46.42,51.27333333333333,45.928333333333335,-0.06684141546526856
2010-03-01,47.8,52.06,47.3,50.97,2010,Mar,47.32,49.0,51.48,44.6,50.19,48.24,-0.050561797752809
2010-04-01,50.67,59.48,48.8,57.1,2010,Apr,50.97,47.8,52.06,47.3,49.376666666666665,49.903333333333336,0.07713440405748084
2010-05-01,56.94,58.08,50.66,57.57,2010,May,57.1,50.67,59.48,48.8,51.79666666666666,51.535000000000004,0.12026682362173835
2010-06-01,56.7,59.9,52.6,53.83,2010,Jun,57.57,56.94,58.08,50.66,55.21333333333333,52.701666666666675,0.008231173380035095
2010-07-01,53.55,60.94,53.02,58.99,2010,Jul,53.83,56.7,59.9,52.6,56.166666666666664,52.77166666666667,-0.06496439117595976
2010-08-01,59.4,68.88,59.01,62.22,2010,Aug,58.99,53.55,60.94,53.02,56.79666666666666,54.296666666666674,0.09585732862715957
2010-09-01,62.8,71.74,62.51,70.3,2010,Sep,62.22,59.4,68.88,59.01,58.346666666666664,56.78,0.054755043227665556
2010-10-01,70.9,76.0,68.21,71.86,2010,Oct,70.3,62.8,71.74,62.51,63.836666666666666,60.001666666666665,0.1298617807778848
2010-11-01,72.2,77.6,58.0,61.21,2010,Nov,71.86,70.9,76.0,68.21,68.12666666666667,62.461666666666666,0.022190611664295812
2010-12-01,61.8,68.36,55.44,62.54,2010,Dec,61.21,72.2,77.6,58.0,67.79,63.06833333333333,-0.1482048427497913
2011-01-01,62.98,63.54,49.39,52.59,2011,Jan,62.54,61.8,68.36,55.44,65.20333333333333,64.52,0.02172847573925818
2011-02-01,53.0,57.69,46.71,51.29,2011,Feb,52.59,62.98,63.54,49.39,58.78,63.453333333333326,-0.15909817716661334
2011-03-01,51.84,65.2,50.8,61.98,2011,Mar,51.29,53.0,57.69,46.71,55.47333333333333,61.63166666666667,-0.024719528427457726
2011-04-01,62.0,68.26,60.5,61.02,2011,Apr,61.98,51.84,65.2,50.8,55.28666666666667,60.245000000000005,0.2084226944823553
2011-05-01,61.26,61.68,54.5,60.07,2011,May,61.02,62.0,68.26,60.5,58.096666666666664,58.43833333333333,-0.015488867376572957
2011-06-01,60.4,63.39,54.8,62.38,2011,Jun,60.07,61.26,61.68,54.5,61.02333333333333,58.248333333333335,-0.015568666011143928
2011-07-01,63.0,68.0,61.36,62.13,2011,Jul,62.38,60.4,63.39,54.8,61.156666666666666,58.221666666666664,0.03845513567504577
2011-08-01,62.9,63.96,50.51,55.61,2011,Aug,62.13,63.0,68.0,61.36,61.526666666666664,59.81166666666667,-0.0040076947739660085
2011-09-01,56.0,60.08,51.2,54.5,2011,Sep,55.61,62.9,63.96,50.51,60.04,60.531666666666666,-0.10494125221310158
2011-10-01,53.8,64.8,48.1,62.9,2011,Oct,54.5,56.0,60.08,51.2,57.413333333333334,59.285000000000004,-0.019960438770005418
2011-11-01,62.2,63.7,52.04,54.49,2011,Nov,62.9,53.8,64.8,48.1,57.669999999999995,59.59833333333333,0.15412844036697249
2011-12-01,57.0,59.8,47.4,47.72,2011,Dec,54.49,62.2,63.7,52.04,57.29666666666666,58.66833333333333,-0.1337042925278219
2012-01-01,47.92,66.5,46.11,65.99,2012,Jan,47.72,57.0,59.8,47.4,55.03666666666667,56.225,-0.12424298036336945
2012-02-01,65.9,74.8,63.6,69.14,2012,Feb,65.99,47.92,66.5,46.11,56.06666666666666,56.86833333333334,0.3828583403185246
2012-03-01,69.0,77.88,66.2,73.46,2012,Mar,69.14,65.9,74.8,63.6,60.949999999999996,59.123333333333335,0.04773450522806488
2012-04-01,73.62,76.1,69.11,70.07,2012,Apr,73.46,69.0,77.88,66.2,69.52999999999999,62.28333333333333,0.062481920740526276
2012-05-01,70.4,70.59,58.85,66.02,2012,May,70.07,73.62,76.1,69.11,70.88999999999999,63.47833333333333,-0.046147563299755
2012-06-01,65.45,70.6,62.14,67.83,2012,Jun,66.02,70.4,70.59,58.85,69.85,65.39999999999999,-0.05779934351362914
2012-07-01,68.15,73.19,67.57,72.85,2012,Jul,67.83,65.45,70.6,62.14,67.97333333333331,68.75166666666667,0.02741593456528335
2012-08-01,73.0,74.78,65.27,65.97,2012,Aug,72.85,68.15,73.19,67.57,68.89999999999999,69.895,0.07400855078873647
2012-09-01,66.2,77.69,64.46,76.44,2012,Sep,65.97,73.0,74.78,65.27,68.88333333333333,69.36666666666666,-0.09444063143445436
2012-10-01,76.4,84.2,75.6,82.29,2012,Oct,76.44,66.2,77.69,64.46,71.75333333333333,69.86333333333333,0.15870850386539326
2012-11-01,82.54,89.6,82.22,88.48,2012,Nov,82.29,76.4,84.2,75.6,74.89999999999999,71.89999999999999,0.0765306122448981
2012-12-01,89.2,95.0,88.01,92.84,2012,Dec,88.48,82.54,89.6,82.22,82.40333333333335,75.64333333333333,0.07522177664357765
2013-01-01,93.2,107.0,93.2,104.41,2013,Jan,92.84,89.2,95.0,88.01,87.87,79.81166666666667,0.049276672694394286
2013-02-01,104.41,107.8,93.4,94.5,2013,Feb,104.41,93.2,107.0,93.2,95.24333333333334,85.07166666666667,0.12462300732442899
2013-03-01,94.0,100.15,83.42,85.71,2013,Mar,94.5,104.41,107.8,93.4,97.25,89.82666666666667,-0.09491428024135617
2013-04-01,85.7,101.8,83.43,100.28,2013,Apr,85.71,94.0,100.15,83.42,94.87333333333333,91.37166666666667,-0.09301587301587311
2013-05-01,100.99,109.43,97.2,97.49,2013,May,100.28,85.7,101.8,83.43,93.49666666666667,94.37,0.16999183292497966
2013-06-01,99.0,102.94,87.15,92.2,2013,Jun,97.49,100.99,109.43,97.2,94.49333333333333,95.87166666666667,-0.027822098125249384
2013-07-01,92.4,100.4,57.71,64.76,2013,Jul,92.2,99.0,102.94,87.15,96.65666666666668,95.76499999999999,-0.054261975587239664
2013-08-01,66.0,67.81,43.22,48.65,2013,Aug,64.76,92.4,100.4,57.71,84.81666666666666,89.15666666666668,-0.29761388286334056
2013-09-01,49.2,78.94,44.8,57.5,2013,Sep,48.65,66.0,67.81,43.22,68.53666666666666,81.515,-0.24876466954910448
2013-10-01,58.0,76.44,56.08,73.76,2013,Oct,57.5,49.2,78.94,44.8,56.97,76.81333333333333,0.18191161356628993
2013-11-01,74.0,77.27,64.65,73.74,2013,Nov,73.76,58.0,76.44,56.08,59.970000000000006,72.39333333333333,0.2827826086956522
2013-12-01,74.4,83.0,71.63,74.02,2013,Dec,73.74,74.0,77.27,64.65,68.33333333333333,68.43499999999999,-0.00027114967462049666
2014-01-01,74.74,76.35,60.8,61.59,2014,Jan,74.02,74.4,83.0,71.63,73.83999999999999,65.40499999999999,0.0037971250339028373
2014-02-01,61.54,62.7,58.42,60.95,2014,Feb,61.59,74.74,76.35,60.8,69.78333333333335,64.87666666666667,-0.1679275871386111
2014-03-01,60.52,83.36,60.34,82.7,2014,Mar,60.95,61.54,62.7,58.42,65.52,66.92666666666666,-0.01039129728852084
2014-04-01,83.45,94.98,80.8,88.14,2014,Apr,82.7,60.52,83.36,60.34,68.41333333333334,71.12666666666667,0.3568498769483184
2014-05-01,88.8,117.6,86.98,113.89,2014,May,88.14,83.45,94.98,80.8,77.26333333333334,73.52333333333334,0.0657799274486095
2014-06-01,114.8,117.57,101.62,108.38,2014,Jun,113.89,88.8,117.6,86.98,94.91000000000001,80.215,0.29214885409575664
2014-07-01,108.43,114.46,100.44,108.21,2014,Jul,108.38,114.8,117.57,101.62,103.47000000000001,85.94166666666666,-0.04838001580472395
2014-08-01,107.4,118.69,103.31,114.33,2014,Aug,108.21,108.43,114.46,100.44,110.16000000000001,93.71166666666666,-0.0015685550839638074
2014-09-01,114.6,126.85,107.18,111.7,2014,Sep,114.33,107.4,118.69,103.31,110.30666666666667,102.60833333333333,0.056556695314665895
2014-10-01,112.1,137.8,109.2,136.83,2014,Oct,111.7,114.6,126.85,107.18,111.41333333333334,107.44166666666666,-0.023003586110382224
2014-11-01,137.1,143.91,132.44,142.08,2014,Nov,136.83,112.1,137.8,109.2,120.95333333333333,115.55666666666666,0.22497761862130705
2014-12-01,142.08,155.0,134.0,154.57,2014,Dec,142.08,137.1,143.91,132.44,130.20333333333335,120.255,0.03836877877658407
2015-01-01,154.4,179.0,150.47,172.5,2015,Jan,154.57,142.08,155.0,134.0,144.49333333333334,127.95333333333333,0.08790822072072069
2015-02-01,172.5,173.88,156.1,172.55,2015,Feb,172.5,154.4,179.0,150.47,156.38333333333333,138.66833333333332,0.11599922365271409
2015-03-01,174.8,182.0,156.8,163.31,2015,Mar,172.55,172.5,173.88,156.1,166.54,148.37166666666667,0.0002898550724639293
2015-04-01,162.8,172.8,154.53,167.96,2015,Apr,163.31,174.8,182.0,156.8,169.45333333333335,156.97333333333333,-0.053549695740365166
2015-05-01,170.0,176.96,157.8,176.52,2015,May,167.96,162.8,172.8,154.53,167.94000000000003,162.16166666666666,0.028473455391586633
2015-06-01,177.0,179.4,158.9,168.6,2015,Jun,176.52,170.0,176.96,157.8,169.26333333333332,167.90166666666667,0.05096451536080027
2015-07-01,169.0,175.58,156.45,165.74,2015,Jul,168.6,177.0,179.4,158.9,171.02666666666667,170.24,-0.04486743711760721
2015-08-01,165.9,169.19,118.0,137.9,2015,Aug,165.74,169.0,175.58,156.45,170.28666666666666,169.11333333333334,-0.01696322657176741
2015-09-01,135.61,155.5,127.0,145.92,2015,Sep,137.9,165.9,169.19,118.0,157.41333333333333,163.33833333333334,-0.16797393507903946
2015-10-01,146.96,155.94,141.73,151.82,2015,Oct,145.92,135.61,155.5,127.0,149.85333333333332,160.44,0.05815808556925295
2015-11-01,151.73,157.96,144.03,153.3,2015,Nov,151.82,146.96,155.94,141.73,145.21333333333334,157.75,0.04043311403508776
2015-12-01,153.0,154.52,133.71,145.23,2015,Dec,153.3,151.73,157.96,144.03,150.34666666666666,153.88,0.009748386246871465
2016-01-01,145.0,149.9,126.45,149.38,2016,Jan,145.23,153.0,154.52,133.71,150.11666666666667,149.985,-0.052641878669276054
2016-02-01,150.4,157.85,132.74,137.67,2016,Feb,149.38,145.0,149.9,126.45,149.3033333333333,147.25833333333335,0.0285753632169663
2016-03-01,138.8,175.12,138.35,172.91,2016,Mar,137.67,150.4,157.85,132.74,144.09333333333333,147.22,-0.07839068148346506
2016-04-01,172.02,190.44,165.33,188.73,2016,Apr,172.91,138.8,175.12,138.35,153.31999999999996,151.71833333333333,0.25597443161182554
2016-05-01,189.8,209.0,181.28,206.39,2016,May,188.73,172.02,190.44,165.33,166.43666666666664,157.87,0.09149268405528876
2016-06-01,206.4,223.0,201.14,221.3,2016,Jun,206.39,189.8,209.0,181.28,189.34333333333333,166.71833333333333,0.09357282890902341
2016-07-01,221.96,247.18,221.35,243.44,2016,Jul,221.3,206.4,223.0,201.14,205.47333333333336,179.39666666666665,0.0722418721837299
2016-08-01,244.0,275.0,240.68,272.56,2016,Aug,243.44,221.96,247.18,221.35,223.71,195.07333333333335,0.10004518752824221
2016-09-01,273.3,290.0,231.2,250.85,2016,Sep,272.56,244.0,275.0,240.68,245.76666666666665,217.55499999999998,0.11961879723956614
2016-10-01,253.41,265.5,245.8,253.52,2016,Oct,250.85,273.3,290.0,231.2,255.61666666666667,230.545,-0.0796521866744937
2016-11-01,255.0,262.72,219.1,234.28,2016,Nov,253.52,253.41,265.5,245.8,258.9766666666667,241.34333333333333,0.01064381104245582
2016-12-01,235.4,245.0,218.25,231.26,2016,Dec,234.28,255.0,262.72,219.1,246.21666666666667,245.99166666666667,-0.07589144840643736
2017-01-01,231.98,284.31,226.3,279.1,2017,Jan,231.26,235.4,245.0,218.25,239.68666666666664,247.65166666666664,-0.012890558306300148
2017-02-01,280.4,294.19,275.61,290.56,2017,Feb,279.1,231.98,284.31,226.3,248.21333333333334,253.595,0.20686673008734768
2017-03-01,290.6,311.57,283.6,309.82,2017,Mar,290.56,280.4,294.19,275.61,266.97333333333336,256.59499999999997,0.04106055177355783
2017-04-01,309.6,330.58,300.2,326.14,2017,Apr,309.82,290.6,311.57,283.6,293.16,266.42333333333335,0.06628579295154191
2017-05-01,326.0,330.3,275.15,286.38,2017,May,326.14,309.6,330.58,300.2,308.84,278.5266666666667,0.052675747208056345
2017-06-01,286.66,306.34,280.21,292.37,2017,Jun,286.38,326.0,330.3,275.15,307.44666666666666,287.21000000000004,-0.12191083583737039
2017-07-01,293.04,372.0,290.78,361.96,2017,Jul,292.37,286.66,306.34,280.21,301.63,297.39500000000004,0.020916265102311593
2017-08-01,363.0,368.52,337.37,351.15,2017,Aug,361.96,293.04,372.0,290.78,313.57,311.205,0.2380203167219619
2017-09-01,351.0,383.25,345.5,350.0,2017,Sep,351.15,363.0,368.52,337.37,335.16,321.30333333333334,-0.02986517847275938
2017-10-01,354.6,375.75,299.0,314.35,2017,Oct,350.0,351.0,383.25,345.5,354.36999999999995,328.0,-0.0032749537234799675
2017-11-01,315.5,329.8,296.0,306.8,2017,Nov,314.35,354.6,375.75,299.0,338.5,326.035,-0.10185714285714276
2017-12-01,307.2,319.0,300.65,315.05,2017,Dec,306.8,315.5,329.8,296.0,323.7166666666667,329.43833333333333,-0.0240178145379355
2018-01-01,314.0,366.0,307.35,354.45,2018,Jan,315.05,307.2,319.0,300.65,312.06666666666666,333.2183333333333,0.026890482398957083
2018-02-01,355.0,366.5,304.65,322.25,2018,Feb,354.45,314.0,366.0,307.35,325.43333333333334,331.96666666666664,0.1250595143627995
2018-03-01,320.7,325.8,285.1,304.9,2018,Mar,322.25,355.0,366.5,304.65,330.5833333333333,327.15000000000003,-0.09084497108195788
2018-04-01,305.0,368.75,303.3,362.05,2018,Apr,304.9,320.7,325.8,285.1,327.2,319.6333333333334,-0.05384018619084574
2018-05-01,362.85,364.4,325.7,346.2,2018,May,362.05,305.0,368.75,303.3,329.73333333333335,327.5833333333333,0.1874385044276814
2018-06-01,348.0,350.1,327.35,339.6,2018,Jun,346.2,362.85,364.4,325.7,337.71666666666664,334.15000000000003,-0.043778483634857146
2018-07-01,340.0,393.35,332.45,367.9,2018,Jul,339.6,348.0,350.1,327.35,349.2833333333333,338.2416666666667,-0.01906412478336217
2018-08-01,369.95,404.0,338.0,343.4,2018,Aug,367.9,340.0,393.35,332.45,351.23333333333335,340.48333333333335,0.08333333333333326
2018-09-01,347.2,350.0,166.15,183.45,2018,Sep,343.4,369.95,404.0,338.0,350.3,344.0083333333334,-0.06659418320195709
2018-10-01,180.0,268.45,168.6,188.05,2018,Oct,183.45,347.2,350.0,166.15,298.25,323.76666666666665,-0.4657833430401863
2018-11-01,192.0,231.4,147.0,169.65,2018,Nov,188.05,180.0,268.45,168.6,238.29999999999998,294.76666666666665,0.02507495230307999
2018-12-01,174.0,194.3,160.2,181.75,2018,Dec,169.65,192.0,231.4,147.0,180.38333333333333,265.3416666666667,-0.09784631746875838
2019-01-01,182.85,236.3,181.15,194.3,2019,Jan,181.75,174.0,194.3,160.2,179.8166666666667,239.03333333333333,0.07132331270262293
2019-02-01,197.0,236.9,167.65,231.2,2019,Feb,194.3,182.85,236.3,181.15,181.9,210.10000000000002,0.06905089408528209
2019-03-01,234.6,281.3,228.8,275.05,2019,Mar,231.2,197.0,236.9,167.65,202.41666666666666,191.4,0.18991250643335045
2019-04-01,277.0,285.9,165.3,168.0,2019,Apr,275.05,234.6,281.3,228.8,233.51666666666668,206.66666666666666,0.18966262975778547
2019-05-01,163.3,178.05,133.05,147.95,2019,May,168.0,277.0,285.9,165.3,224.75,203.32500000000002,-0.3892019632794038
2019-06-01,147.95,153.8,98.75,108.7,2019,Jun,147.95,163.3,178.05,133.05,197.0,199.70833333333334,-0.11934523809523812
2019-07-01,109.6,110.6,81.75,91.3,2019,Jul,108.7,147.95,153.8,98.75,141.54999999999998,187.53333333333333,-0.26529232848935447
2019-08-01,89.2,92.4,53.15,59.5,2019,Aug,91.3,109.6,110.6,81.75,115.98333333333333,170.36666666666667,-0.1600735970561178
2019-09-01,59.5,72.55,40.95,41.45,2019,Sep,59.5,89.2,92.4,53.15,86.5,141.75,-0.348302300109529
2019-10-01,42.0,76.65,29.05,70.45,2019,Oct,41.45,59.5,72.55,40.95,64.08333333333333,102.81666666666666,-0.30336134453781505
2019-11-01,71.0,75.35,59.95,68.3,2019,Nov,70.45,42.0,76.65,29.05,57.13333333333333,86.55833333333334,0.6996381182147164
2019-12-01,70.0,70.5,40.7,46.95,2019,Dec,68.3,71.0,75.35,59.95,60.06666666666666,73.28333333333333,-0.030518097941802824
2020-01-01,46.9,48.5,36.55,39.2,2020,Jan,46.95,70.0,70.5,40.7,61.900000000000006,62.991666666666674,-0.3125915080527085
2020-02-01,39.1,40.7,33.6,34.55,2020,Feb,39.2,46.9,48.5,36.55,51.48333333333333,54.30833333333334,-0.1650692225772098
2020-03-01,35.2,87.95,5.55,22.45,2020,Mar,34.55,39.1,40.7,33.6,40.233333333333334,50.15,-0.11862244897959195
2020-04-01,22.3,30.45,20.3,27.95,2020,Apr,22.45,35.2,87.95,5.55,32.06666666666667,46.98333333333334,-0.3502170767004341
2020-05-01,27.8,31.6,25.2,26.85,2020,May,27.95,22.3,30.45,20.3,28.316666666666663,39.9,0.24498886414253906
2020-06-01,27.75,31.95,25.55,25.6,2020,Jun,26.85,27.8,31.6,25.2,25.75,32.99166666666667,-0.03935599284436486
2020-07-01,25.6,28.3,11.1,11.95,2020,Jul,25.6,27.75,31.95,25.55,26.8,29.433333333333334,-0.046554934823091254
2020-08-01,12.0,17.16,11.85,14.37,2020,Aug,11.95,25.6,28.3,11.1,21.46666666666667,24.891666666666666,-0.533203125
2020-09-01,14.3,15.34,12.75,13.15,2020,Sep,14.37,12.0,17.16,11.85,17.30666666666667,21.528333333333332,0.20251046025104613
2020-10-01,13.3,14.01,12.11,12.42,2020,Oct,13.15,14.3,15.34,12.75,13.156666666666666,19.978333333333335,-0.08489909533750861
2020-11-01,12.41,14.9,12.21,14.67,2020,Nov,12.42,13.3,14.01,12.11,13.313333333333333,17.39,-0.05551330798479093
