Previous_Close,Previous_Return,Year
13.71,0.022371364653243964,2006
15.33,0.11816192560175054,2006
16.12,0.05153294194390101,2006
20.08,0.24565756823821316,2006
19.49,-0.029382470119521886,2006
18.03,-0.07491021036428924,2006
15.62,-0.1336661120354965,2006
16.16,0.03457106274007682,2006
17.84,0.10396039603960405,2006
18.46,0.034753363228699596,2006
22.78,0.2340195016251354,2006
25.32,0.11150131694468834,2006
26.97,0.06516587677725116,2007
30.16,0.11827956989247324,2007
28.63,-0.05072944297082227,2007
28.14,-0.017114914425427785,2007
30.31,0.07711442786069655,2007
33.51,0.10557571758495543,2007
35.98,0.07370934049537459,2007
37.93,0.054196775986659285,2007
36.99,-0.024782494068020022,2007
41.36,0.11814003784806704,2007
43.48,0.05125725338491294,2007
46.18,0.06209751609935599,2007
49.81,0.07860545690775234,2008
50.54,0.014655691628187029,2008
49.42,-0.022160664819944498,2008
33.75,-0.31707810602994746,2008
34.06,0.009185185185185185,2008
31.13,-0.0860246623605403,2008
22.85,-0.26598136845486664,2008
25.45,0.11378555798687073,2008
26.83,0.05422396856581524,2008
24.13,-0.10063361908311586,2008
13.58,-0.43721508495648564,2008
12.26,-0.09720176730486008,2008
15.03,0.22593800978792822,2009
12.24,-0.18562874251496997,2009
10.26,-0.16176470588235292,2009
9.98,-0.02729044834307981,2009
15.45,0.5480961923847694,2009
25.12,0.6258899676375407,2009
29.68,0.18152866242038201,2009
31.93,0.07580862533692723,2009
33.45,0.047604134043219615,2009
40.99,0.2254110612855007,2009
47.31,0.15418394730422058,2009
50.57,0.06890720777848225,2009
53.41,0.056159778524816906,2010
49.84,-0.06684141546526856,2010
47.32,-0.050561797752809,2010
50.97,0.07713440405748084,2010
57.1,0.12026682362173835,2010
57.57,0.008231173380035095,2010
53.83,-0.06496439117595976,2010
58.99,0.09585732862715957,2010
62.22,0.054755043227665556,2010
70.3,0.1298617807778848,2010
71.86,0.022190611664295812,2010
61.21,-0.1482048427497913,2010
62.54,0.02172847573925818,2011
52.59,-0.15909817716661334,2011
51.29,-0.024719528427457726,2011
61.98,0.2084226944823553,2011
61.02,-0.015488867376572957,2011
60.07,-0.015568666011143928,2011
62.38,0.03845513567504577,2011
62.13,-0.0040076947739660085,2011
55.61,-0.10494125221310158,2011
54.5,-0.019960438770005418,2011
62.9,0.15412844036697249,2011
54.49,-0.1337042925278219,2011
47.72,-0.12424298036336945,2012
65.99,0.3828583403185246,2012
69.14,0.04773450522806488,2012
73.46,0.062481920740526276,2012
70.07,-0.046147563299755,2012
66.02,-0.05779934351362914,2012
67.83,0.02741593456528335,2012
72.85,0.07400855078873647,2012
65.97,-0.09444063143445436,2012
76.44,0.15870850386539326,2012
82.29,0.0765306122448981,2012
88.48,0.07522177664357765,2012
92.84,0.049276672694394286,2013
104.41,0.12462300732442899,2013
94.5,-0.09491428024135617,2013
85.71,-0.09301587301587311,2013
100.28,0.16999183292497966,2013
97.49,-0.027822098125249384,2013
92.2,-0.054261975587239664,2013
64.76,-0.29761388286334056,2013
48.65,-0.24876466954910448,2013
57.5,0.18191161356628993,2013
73.76,0.2827826086956522,2013
73.74,-0.00027114967462049666,2013
74.02,0.0037971250339028373,2014
61.59,-0.1679275871386111,2014
60.95,-0.01039129728852084,2014
82.7,0.3568498769483184,2014
88.14,0.0657799274486095,2014
113.89,0.29214885409575664,2014
108.38,-0.04838001580472395,2014
108.21,-0.0015685550839638074,2014
114.33,0.056556695314665895,2014
111.7,-0.023003586110382224,2014
136.83,0.22497761862130705,2014
142.08,0.03836877877658407,2014
154.57,0.08790822072072069,2015
172.5,0.11599922365271409,2015
172.55,0.0002898550724639293,2015
163.31,-0.053549695740365166,2015
167.96,0.028473455391586633,2015
176.52,0.05096451536080027,2015
168.6,-0.04486743711760721,2015
165.74,-0.01696322657176741,2015
137.9,-0.16797393507903946,2015
145.92,0.05815808556925295,2015
151.82,0.04043311403508776,2015
153.3,0.009748386246871465,2015
145.23,-0.052641878669276054,2016
149.38,0.0285753632169663,2016
137.67,-0.07839068148346506,2016
172.91,0.25597443161182554,2016
188.73,0.09149268405528876,2016
206.39,0.09357282890902341,2016
221.3,0.0722418721837299,2016
243.44,0.10004518752824221,2016
272.56,0.11961879723956614,2016
250.85,-0.0796521866744937,2016
253.52,0.01064381104245582,2016
234.28,-0.07589144840643736,2016
231.26,-0.012890558306300148,2017
279.1,0.20686673008734768,2017
290.56,0.04106055177355783,2017
309.82,0.06628579295154191,2017
326.14,0.052675747208056345,2017
286.38,-0.12191083583737039,2017
292.37,0.020916265102311593,2017
361.96,0.2380203167219619,2017
351.15,-0.02986517847275938,2017
350.0,-0.0032749537234799675,2017
314.35,-0.10185714285714276,2017
306.8,-0.0240178145379355,2017
315.05,0.026890482398957083,2018
354.45,0.1250595143627995,2018
322.25,-0.09084497108195788,2018
304.9,-0.05384018619084574,2018
362.05,0.1874385044276814,2018
346.2,-0.043778483634857146,2018
339.6,-0.01906412478336217,2018
367.9,0.08333333333333326,2018
343.4,-0.06659418320195709,2018
183.45,-0.4657833430401863,2018
188.05,0.02507495230307999,2018
169.65,-0.09784631746875838,2018
181.75,0.07132331270262293,2019
194.3,0.06905089408528209,2019
231.2,0.18991250643335045,2019
275.05,0.18966262975778547,2019
168.0,-0.3892019632794038,2019
147.95,-0.11934523809523812,2019
108.7,-0.26529232848935447,2019
91.3,-0.1600735970561178,2019
59.5,-0.348302300109529,2019
41.45,-0.30336134453781505,2019
70.45,0.6996381182147164,2019
68.3,-0.030518097941802824,2019
46.95,-0.3125915080527085,2020
39.2,-0.1650692225772098,2020
34.55,-0.11862244897959195,2020
22.45,-0.3502170767004341,2020
27.95,0.24498886414253906,2020
26.85,-0.03935599284436486,2020
25.6,-0.046554934823091254,2020
11.95,-0.533203125,2020
14.37,0.20251046025104613,2020
13.15,-0.08489909533750861,2020
12.42,-0.05551330798479093,2020
